{
  "silhouette_per_k": {
    "2": 0.41018862896597685,
    "3": 0.42560532590884703,
    "4": 0.30537455961260146
  },
  "selected_k": 3,
  "selected_silhouette": 0.42560532590884703
}