{
  "silhouette_per_k": {
    "2": 0.4101917559536366,
    "3": 0.4256087475909313,
    "4": 0.3053774582729713
  },
  "selected_k": 3,
  "selected_silhouette": 0.4256087475909313
}