iso3,vector_code,vector_label,score,rank
GBR,cyber,Cyber,0.7332190302137547,1
KOR,cyber,Cyber,0.695705203855002,2
SGP,cyber,Cyber,0.47939641082428086,3
EUU,cyber,Cyber,0.47771618459120746,4
FRA,cyber,Cyber,0.4276240032057289,5
JPN,cyber,Cyber,0.3164155863364592,6
CAN,cyber,Cyber,0.08361438617525202,7
DEU,cyber,Cyber,-0.004680830310810107,8
SWE,cyber,Cyber,-0.11750268071521275,9
ARE,cyber,Cyber,-0.2375970500969037,10
SAU,cyber,Cyber,-0.41816082941693683,11
ISR,cyber,Cyber,-0.6347409262598308,12
TWN,cyber,Cyber,-0.767180460229467,13
IND,cyber,Cyber,-1.0338280281725247,14
GBR,cbrn,CBRN,0.8892843174146894,1
KOR,cbrn,CBRN,0.7586588678100651,2
SGP,cbrn,CBRN,0.27479518234655254,6
EUU,cbrn,CBRN,0.5838818092894305,4
FRA,cbrn,CBRN,0.5870140316144138,3
JPN,cbrn,CBRN,0.3558953141656167,5
CAN,cbrn,CBRN,0.18058480742597693,7
DEU,cbrn,CBRN,0.01506694309828212,8
SWE,cbrn,CBRN,-0.34164434760832785,9
ARE,cbrn,CBRN,-0.44306842157575377,10
SAU,cbrn,CBRN,-0.5295068745359911,11
ISR,cbrn,CBRN,-0.7215647367107465,13
TWN,cbrn,CBRN,-1.008931556833752,14
IND,cbrn,CBRN,-0.6004653359004608,12
GBR,influence_ops,Influence operations,0.7608491565748456,1
KOR,influence_ops,Influence operations,0.6170928560933782,2
SGP,influence_ops,Influence operations,0.5442511063957096,3
EUU,influence_ops,Influence operations,0.24274526554813836,6
FRA,influence_ops,Influence operations,0.36291453591938083,4
JPN,influence_ops,Influence operations,0.31530075610105457,5
CAN,influence_ops,Influence operations,-0.08134103677562896,9
DEU,influence_ops,Influence operations,-0.05226114264917401,8
SWE,influence_ops,Influence operations,0.13726130424478172,7
ARE,influence_ops,Influence operations,-0.13664390019898234,10
SAU,influence_ops,Influence operations,-0.34717205716751515,11
ISR,influence_ops,Influence operations,-0.643360516113483,13
TWN,influence_ops,Influence operations,-0.5120484683782373,12
IND,influence_ops,Influence operations,-1.2075878595942728,14
